,p_loc_channel_U,,chan_status1.csv
,p_loc18_channel_U,,chan_status2.csv
,p_loc19_channel_U,,chan_status3.csv
,p_loc20_channel_U,,chan_status4.csv
,p_loc21_channel_U,,chan_status5.csv
,p_loc22_channel_U,,chan_status6.csv
,p_loc24_channel_U,,chan_status7.csv
,p_loc23_channel_U,,chan_status8.csv
,mat_RES_0_0_loc_channel_U,,chan_status9.csv
,mat_RES_1_0_loc_channel_U,,chan_status10.csv
,mat_RES_2_0_loc_channel_U,,chan_status11.csv
,mat_RES_3_0_loc_channel_U,,chan_status12.csv
,mat_RES_4_0_loc_channel_U,,chan_status13.csv
,mat_RES_5_0_loc_channel_U,,chan_status14.csv
,mat_RES_6_0_loc_channel_U,,chan_status15.csv
,mat_RES_7_0_loc_channel_U,,chan_status16.csv
,mat_RES_8_0_loc_channel_U,,chan_status17.csv
,mat_RES_9_0_loc_channel_U,,chan_status18.csv
,mat_RES_10_0_loc_channel_U,,chan_status19.csv
,mat_RES_11_0_loc_channel_U,,chan_status20.csv
,mat_RES_12_0_loc_channel_U,,chan_status21.csv
,mat_RES_13_0_loc_channel_U,,chan_status22.csv
,mat_RES_14_0_loc_channel_U,,chan_status23.csv
,mat_RES_15_0_loc_channel_U,,chan_status24.csv
,mat_RES_16_0_loc_channel_U,,chan_status25.csv
,mat_RES_17_0_loc_channel_U,,chan_status26.csv
,mat_RES_18_0_loc_channel_U,,chan_status27.csv
,mat_RES_19_0_loc_channel_U,,chan_status28.csv
,mat_RES_20_0_loc_channel_U,,chan_status29.csv
,mat_RES_21_0_loc_channel_U,,chan_status30.csv
,mat_RES_22_0_loc_channel_U,,chan_status31.csv
,mat_RES_23_0_loc_channel_U,,chan_status32.csv
,mat_RES_24_0_loc_channel_U,,chan_status33.csv
,mat_RES_25_0_loc_channel_U,,chan_status34.csv
,mat_RES_26_0_loc_channel_U,,chan_status35.csv
,mat_RES_27_0_loc_channel_U,,chan_status36.csv
,mat_RES_28_0_loc_channel_U,,chan_status37.csv
,mat_RES_29_0_loc_channel_U,,chan_status38.csv
,mat_RES_30_0_loc_channel_U,,chan_status39.csv
,mat_RES_31_0_loc_channel_U,,chan_status40.csv
,mat_RES_32_0_loc_channel_U,,chan_status41.csv
,mat_RES_33_0_loc_channel_U,,chan_status42.csv
,mat_RES_34_0_loc_channel_U,,chan_status43.csv
,mat_RES_35_0_loc_channel_U,,chan_status44.csv
,mat_RES_36_0_loc_channel_U,,chan_status45.csv
,mat_RES_37_0_loc_channel_U,,chan_status46.csv
,mat_RES_38_0_loc_channel_U,,chan_status47.csv
,mat_RES_39_0_loc_channel_U,,chan_status48.csv
,mat_RES_40_0_loc_channel_U,,chan_status49.csv
,mat_RES_41_0_loc_channel_U,,chan_status50.csv
,mat_RES_42_0_loc_channel_U,,chan_status51.csv
,mat_RES_43_0_loc_channel_U,,chan_status52.csv
,mat_RES_44_0_loc_channel_U,,chan_status53.csv
,mat_RES_45_0_loc_channel_U,,chan_status54.csv
,mat_RES_46_0_loc_channel_U,,chan_status55.csv
,mat_RES_47_0_loc_channel_U,,chan_status56.csv
,mat_RES_48_0_loc_channel_U,,chan_status57.csv
,mat_RES_49_0_loc_channel_U,,chan_status58.csv
,mat_RES_50_0_loc_channel_U,,chan_status59.csv
,mat_RES_51_0_loc_channel_U,,chan_status60.csv
,mat_RES_52_0_loc_channel_U,,chan_status61.csv
,mat_RES_53_0_loc_channel_U,,chan_status62.csv
,mat_RES_54_0_loc_channel_U,,chan_status63.csv
,mat_RES_55_0_loc_channel_U,,chan_status64.csv
,mat_RES_56_0_loc_channel_U,,chan_status65.csv
,mat_RES_57_0_loc_channel_U,,chan_status66.csv
,mat_RES_58_0_loc_channel_U,,chan_status67.csv
,mat_RES_59_0_loc_channel_U,,chan_status68.csv
,mat_RES_60_0_loc_channel_U,,chan_status69.csv
,mat_RES_61_0_loc_channel_U,,chan_status70.csv
,mat_RES_62_0_loc_channel_U,,chan_status71.csv
,mat_RES_63_0_loc_channel_U,,chan_status72.csv
